molecule_number,reactant,H3O+,intermediate,H2O,delta_E
134,-485.7449539,-76.84036997,-486.1555096,-76.44874448,-0.018930232
141,-406.1208726,-76.84036997,-406.5112225,-76.44874448,0.001275574