molecule_number,k1_TS,H2O,k1_het_H,B(OH)3,H+,delta_E
134,-487.3328463,-76.44874443,-309.6807728,-252.5446122,0.164563615,1.720769345
141,-406.5253208,-76.44874443,-230.0539016,-252.5446122,0.164563615,0.540115045