molecule_number,k2_TS,k2_het_H,B(OH)3,OH-,delta_E
106,-616.1032319,-287.6401761,-252.5446122,-75.93398324,0.015539654
134,-638.141095,-309.6807728,-252.5446122,-75.93398324,0.018273217
141,-558.5178757,-230.0539016,-252.5446122,-75.93398324,0.014621225
143,-883.3478915,-554.8786395,-252.5446122,-75.93398324,0.009343413
144,-671.4858666,-343.0179254,-252.5446122,-75.93398324,0.010654211
147,-574.5975323,-246.1107003,-252.5446122,-75.93398324,-0.008236544