molecule_number,k2_TS,k2_het_H,B(OH)3,OH-,delta_E
106,-616.1032319,-287.6401761,-252.5446122,-75.93398324,-0.01553964
134,-638.141095,-309.6807728,-252.5446122,-75.93398324,-0.01827324
141,-558.5178757,-230.0539016,-252.5446122,-75.93398324,-0.01462134
143,-883.3478915,-554.8786395,-252.5446122,-75.93398324,-0.00934344
144,-671.4858666,-343.0179254,-252.5446122,-75.93398324,-0.01065424
147,-574.5975323,-246.1107003,-252.5446122,-75.93398324,0.00823656