molecule_number,k2cat_TS,intermediate,CBOH2,delta_E
134,-778.2633532,-561.6312264,-216.5662801,-0.065846625
141,-698.5772536,-482.0035578,-216.5662801,-0.00741572