molecule_number,k2cat_TS,intermediate,CBOH2,delta_E
134,-778.1240915,-561.5215286,-216.5195751,-0.08298782
141,-698.4278643,-481.8931769,-216.5195751,-0.01511234