molecule_number,k2cat_TS,k2cat_het_H,CB(OH)O-,B(OH)3,delta_E
134,-778.1240915,-309.6482551,-215.9037383,-252.4666898,-0.105408314
141,-698.4278643,-230.0205846,-215.9037383,-252.4666898,-0.036851674