molecule_number,k4_TS,k4_reactant,H2O,delta_E
106,-540.1424718,-463.6990625,-76.44874448,0.005335145
125,-614.1749698,-537.7241857,-76.44874448,-0.002039699
132,-807.392196,-730.9428943,-76.44874448,-0.000557266
143,-807.3851618,-730.9408365,-76.44874448,0.004419189
144,-595.5382273,-519.0837329,-76.44874448,-0.005750002
145,-595.5420761,-519.0834745,-76.44874448,-0.00985714
146,-729.9162892,-653.4703979,-76.44874448,0.002853226
147,-498.6237868,-422.1792947,-76.44874448,0.004252388