molecule_number,int,CB(OH)2,TS,delta_E,k_obs_max
50,-804.9808965,-216.5662801,-1021.555322,-0.0081454,-7.03
51,-482.0081352,-216.5662801,-698.5838205,-0.0094052,-4.94
52,-804.9862766,-216.5662801,-1021.566297,-0.0137403,-4.12
54,-330.5382333,-216.5662801,-547.1084935,-0.0039801,-5.83
55,-369.8541773,-216.5662801,-586.4213293,-0.0008719,-6.13
56,-292.4511378,-216.5662801,-509.0191297,-0.0017118,-7.25
57,-409.1686397,-216.5662801,-625.7301015,0.0048183,-7.51
58,-487.8328534,-216.5662801,-704.392588,0.0065455,-7.96