molecule_number,int,H+,TS,delta_E,k_obs_max
60,-478.2810869,0.164563615,-477.7361845,0.380338783,-5.19
61,-576.7775742,0.164563615,-576.2329034,0.38010714,-3.22