molecule_number,TS,het-,BOH3,delta_E,k_obs_max
60,-477.7361845,-225.6888284,-252.5446122,-0.4972561,-5.19
61,-576.2329034,-324.1877724,-252.5446122,-0.4994812,-3.22