molecule_number,H+,TS,BOH3,delta_E,k_obs_max
64,-248.7611632,-501.2061348,-252.5446122,0.099640586,-5.73
65,-380.3591232,-632.8039702,-252.5446122,0.099765159,-6.98