molecule_number,int,H2O,TS,delta_E,k_obs_max
64,-424.823207,-76.44874448,-501.2061348,0.065816649,-5.73
65,-556.4212214,-76.44874448,-632.8039702,0.065995628,-6.98