molecule_number,k2cat_TS,k2cat_int,CBOH2
134, -778.12409149, -561.52152861,
141, -698.42786429, -481.89317689,
000,,, -216.51957507
