molecule_number,TS,int,H2O
64,-501.206134814,-424.823206983,
65,-632.803970241,-556.421221389,
00,,,-76.4487444811
