molecule_number,TS,int,H+
60,-477.736184489,-478.281086887,
61,-576.232903430,-576.777574185,
00,,,0.164563614639
