molecule_number,reactant,int,H2O,H3O+
134,-485.744953867,-486.155509585,,
141,-406.120872634,-406.511222546,,
000,,,-76.4487444811,-76.8403699674
